offset,title,descr,prio
-12,EVT MINUS12,Filler event 01 at day offset -12,0
-10,EVT MINUS10,Filler event 02 at day offset -10,1
-8,EVT MINUS08,Filler event 03 at day offset -8,2
-6,EVT MINUS06,Filler event 04 at day offset -6,0
-4,EVT MINUS04,Filler event 05 at day offset -4,1
-2,EVT MINUS02,Filler event 06 at day offset -2,2
0,EVT PLUS00,Filler event 07 at day offset 0,0
2,EVT PLUS02,Filler event 08 at day offset 2,1
4,EVT PLUS04,Filler event 09 at day offset 4,2
6,EVT PLUS06,Filler event 10 at day offset 6,0
8,EVT PLUS08,Filler event 11 at day offset 8,1
10,EVT PLUS10,Filler event 12 at day offset 10,2
12,EVT PLUS12,Filler event 13 at day offset 12,0
14,EVT PLUS14,Filler event 14 at day offset 14,1
