rid,tag,band,level,amount,ruler,filler
1,R01,ALPHA,10,100.0,0....5...10...15...20...25...30...35...40...45...50...55...60,FILLER-R01 ........................................ END-R01
2,R02,BRAVO,23,150.0,0....5...10...15...20...25...30...35...40...45...50...55...60,FILLER-R02 ........................................ END-R02
3,R03,CHARLIE,37,200.0,0....5...10...15...20...25...30...35...40...45...50...55...60,FILLER-R03 ........................................ END-R03
4,R04,DELTA,50,250.0,0....5...10...15...20...25...30...35...40...45...50...55...60,FILLER-R04 ........................................ END-R04
5,R05,ALPHA,63,300.0,0....5...10...15...20...25...30...35...40...45...50...55...60,FILLER-R05 ........................................ END-R05
6,R06,BRAVO,77,350.0,0....5...10...15...20...25...30...35...40...45...50...55...60,FILLER-R06 ........................................ END-R06
7,R07,CHARLIE,90,400.0,0....5...10...15...20...25...30...35...40...45...50...55...60,FILLER-R07 ........................................ END-R07
8,R08,DELTA,77,450.0,0....5...10...15...20...25...30...35...40...45...50...55...60,FILLER-R08 ........................................ END-R08
9,R09,ALPHA,63,500.0,0....5...10...15...20...25...30...35...40...45...50...55...60,FILLER-R09 ........................................ END-R09
10,R10,BRAVO,50,450.0,0....5...10...15...20...25...30...35...40...45...50...55...60,FILLER-R10 ........................................ END-R10
11,R11,CHARLIE,37,400.0,0....5...10...15...20...25...30...35...40...45...50...55...60,FILLER-R11 ........................................ END-R11
12,R12,DELTA,23,350.0,0....5...10...15...20...25...30...35...40...45...50...55...60,FILLER-R12 ........................................ END-R12
13,R13,ALPHA,10,300.0,0....5...10...15...20...25...30...35...40...45...50...55...60,FILLER-R13 ........................................ END-R13
14,R14,BRAVO,23,250.0,0....5...10...15...20...25...30...35...40...45...50...55...60,FILLER-R14 ........................................ END-R14
15,R15,CHARLIE,37,200.0,0....5...10...15...20...25...30...35...40...45...50...55...60,FILLER-R15 ........................................ END-R15
16,R16,DELTA,50,150.0,0....5...10...15...20...25...30...35...40...45...50...55...60,FILLER-R16 ........................................ END-R16
17,R17,ALPHA,63,100.0,0....5...10...15...20...25...30...35...40...45...50...55...60,FILLER-R17 ........................................ END-R17
18,R18,BRAVO,77,150.0,0....5...10...15...20...25...30...35...40...45...50...55...60,FILLER-R18 ........................................ END-R18
19,R19,CHARLIE,90,200.0,0....5...10...15...20...25...30...35...40...45...50...55...60,FILLER-R19 ........................................ END-R19
20,R20,DELTA,77,250.0,0....5...10...15...20...25...30...35...40...45...50...55...60,FILLER-R20 ........................................ END-R20
21,R21,ALPHA,63,300.0,0....5...10...15...20...25...30...35...40...45...50...55...60,FILLER-R21 ........................................ END-R21
22,R22,BRAVO,50,350.0,0....5...10...15...20...25...30...35...40...45...50...55...60,FILLER-R22 ........................................ END-R22
23,R23,CHARLIE,37,400.0,0....5...10...15...20...25...30...35...40...45...50...55...60,FILLER-R23 ........................................ END-R23
24,R24,DELTA,23,450.0,0....5...10...15...20...25...30...35...40...45...50...55...60,FILLER-R24 ........................................ END-R24
25,R25,ALPHA,10,500.0,0....5...10...15...20...25...30...35...40...45...50...55...60,FILLER-R25 ........................................ END-R25
26,R26,BRAVO,23,450.0,0....5...10...15...20...25...30...35...40...45...50...55...60,FILLER-R26 ........................................ END-R26
27,R27,CHARLIE,37,400.0,0....5...10...15...20...25...30...35...40...45...50...55...60,FILLER-R27 ........................................ END-R27
28,R28,DELTA,50,350.0,0....5...10...15...20...25...30...35...40...45...50...55...60,FILLER-R28 ........................................ END-R28
29,R29,ALPHA,63,300.0,0....5...10...15...20...25...30...35...40...45...50...55...60,FILLER-R29 ........................................ END-R29
30,R30,BRAVO,77,250.0,0....5...10...15...20...25...30...35...40...45...50...55...60,FILLER-R30 ........................................ END-R30
31,R31,CHARLIE,90,200.0,0....5...10...15...20...25...30...35...40...45...50...55...60,FILLER-R31 ........................................ END-R31
32,R32,DELTA,77,150.0,0....5...10...15...20...25...30...35...40...45...50...55...60,FILLER-R32 ........................................ END-R32
33,R33,ALPHA,63,100.0,0....5...10...15...20...25...30...35...40...45...50...55...60,FILLER-R33 ........................................ END-R33
34,R34,BRAVO,50,150.0,0....5...10...15...20...25...30...35...40...45...50...55...60,FILLER-R34 ........................................ END-R34
35,R35,CHARLIE,37,200.0,0....5...10...15...20...25...30...35...40...45...50...55...60,FILLER-R35 ........................................ END-R35
36,R36,DELTA,23,250.0,0....5...10...15...20...25...30...35...40...45...50...55...60,FILLER-R36 ........................................ END-R36
37,R37,ALPHA,10,300.0,0....5...10...15...20...25...30...35...40...45...50...55...60,FILLER-R37 ........................................ END-R37
38,R38,BRAVO,23,350.0,0....5...10...15...20...25...30...35...40...45...50...55...60,FILLER-R38 ........................................ END-R38
39,R39,CHARLIE,37,400.0,0....5...10...15...20...25...30...35...40...45...50...55...60,FILLER-R39 ........................................ END-R39
40,R40,DELTA,50,450.0,0....5...10...15...20...25...30...35...40...45...50...55...60,FILLER-R40 ........................................ END-R40
41,R41,ALPHA,63,500.0,0....5...10...15...20...25...30...35...40...45...50...55...60,FILLER-R41 ........................................ END-R41
42,R42,BRAVO,77,450.0,0....5...10...15...20...25...30...35...40...45...50...55...60,FILLER-R42 ........................................ END-R42
43,R43,CHARLIE,90,400.0,0....5...10...15...20...25...30...35...40...45...50...55...60,FILLER-R43 ........................................ END-R43
44,R44,DELTA,77,350.0,0....5...10...15...20...25...30...35...40...45...50...55...60,FILLER-R44 ........................................ END-R44
45,R45,ALPHA,63,300.0,0....5...10...15...20...25...30...35...40...45...50...55...60,FILLER-R45 ........................................ END-R45
46,R46,BRAVO,50,250.0,0....5...10...15...20...25...30...35...40...45...50...55...60,FILLER-R46 ........................................ END-R46
47,R47,CHARLIE,37,200.0,0....5...10...15...20...25...30...35...40...45...50...55...60,FILLER-R47 ........................................ END-R47
48,R48,DELTA,23,150.0,0....5...10...15...20...25...30...35...40...45...50...55...60,FILLER-R48 ........................................ END-R48
